{
  "hash": "f0cddf15",
  "configHash": "f34f4e68",
  "lockfileHash": "1e58e4f4",
  "browserHash": "469854ff",
  "optimized": {
    "@angular/cdk/bidi": {
      "src": "../../../../../../node_modules/@angular/cdk/fesm2022/bidi.mjs",
      "file": "@angular_cdk_bidi.js",
      "fileHash": "4f3de6ae",
      "needsInterop": false
    },
    "@angular/cdk/scrolling": {
      "src": "../../../../../../node_modules/@angular/cdk/fesm2022/scrolling.mjs",
      "file": "@angular_cdk_scrolling.js",
      "fileHash": "e95c28f8",
      "needsInterop": false
    },
    "@angular/common": {
      "src": "../../../../../../node_modules/@angular/common/fesm2022/common.mjs",
      "file": "@angular_common.js",
      "fileHash": "05991bab",
      "needsInterop": false
    },
    "@angular/common/http": {
      "src": "../../../../../../node_modules/@angular/common/fesm2022/http.mjs",
      "file": "@angular_common_http.js",
      "fileHash": "a2a9d721",
      "needsInterop": false
    },
    "@angular/core": {
      "src": "../../../../../../node_modules/@angular/core/fesm2022/core.mjs",
      "file": "@angular_core.js",
      "fileHash": "c6af4942",
      "needsInterop": false
    },
    "@angular/forms": {
      "src": "../../../../../../node_modules/@angular/forms/fesm2022/forms.mjs",
      "file": "@angular_forms.js",
      "fileHash": "ef441e59",
      "needsInterop": false
    },
    "@angular/material/button": {
      "src": "../../../../../../node_modules/@angular/material/fesm2022/button.mjs",
      "file": "@angular_material_button.js",
      "fileHash": "34011def",
      "needsInterop": false
    },
    "@angular/material/icon": {
      "src": "../../../../../../node_modules/@angular/material/fesm2022/icon.mjs",
      "file": "@angular_material_icon.js",
      "fileHash": "74eaf648",
      "needsInterop": false
    },
    "@angular/material/list": {
      "src": "../../../../../../node_modules/@angular/material/fesm2022/list.mjs",
      "file": "@angular_material_list.js",
      "fileHash": "9150290a",
      "needsInterop": false
    },
    "@angular/material/sidenav": {
      "src": "../../../../../../node_modules/@angular/material/fesm2022/sidenav.mjs",
      "file": "@angular_material_sidenav.js",
      "fileHash": "d24c5cc4",
      "needsInterop": false
    },
    "@angular/material/toolbar": {
      "src": "../../../../../../node_modules/@angular/material/fesm2022/toolbar.mjs",
      "file": "@angular_material_toolbar.js",
      "fileHash": "cabc55fc",
      "needsInterop": false
    },
    "@angular/platform-browser": {
      "src": "../../../../../../node_modules/@angular/platform-browser/fesm2022/platform-browser.mjs",
      "file": "@angular_platform-browser.js",
      "fileHash": "3e9b28c4",
      "needsInterop": false
    },
    "@angular/platform-browser/animations/async": {
      "src": "../../../../../../node_modules/@angular/platform-browser/fesm2022/animations/async.mjs",
      "file": "@angular_platform-browser_animations_async.js",
      "fileHash": "e6f5fe92",
      "needsInterop": false
    },
    "@angular/router": {
      "src": "../../../../../../node_modules/@angular/router/fesm2022/router.mjs",
      "file": "@angular_router.js",
      "fileHash": "515ef24a",
      "needsInterop": false
    },
    "rxjs": {
      "src": "../../../../../../node_modules/rxjs/dist/esm5/index.js",
      "file": "rxjs.js",
      "fileHash": "80832549",
      "needsInterop": false
    },
    "@angular/material/badge": {
      "src": "../../../../../../node_modules/@angular/material/fesm2022/badge.mjs",
      "file": "@angular_material_badge.js",
      "fileHash": "519888e6",
      "needsInterop": false
    },
    "@angular/material/progress-bar": {
      "src": "../../../../../../node_modules/@angular/material/fesm2022/progress-bar.mjs",
      "file": "@angular_material_progress-bar.js",
      "fileHash": "cf92c213",
      "needsInterop": false
    },
    "@angular/material/menu": {
      "src": "../../../../../../node_modules/@angular/material/fesm2022/menu.mjs",
      "file": "@angular_material_menu.js",
      "fileHash": "0a7cde93",
      "needsInterop": false
    },
    "@angular/material/divider": {
      "src": "../../../../../../node_modules/@angular/material/fesm2022/divider.mjs",
      "file": "@angular_material_divider.js",
      "fileHash": "20645eea",
      "needsInterop": false
    }
  },
  "chunks": {
    "platform-browser-ZVZDBAZE": {
      "file": "platform-browser-ZVZDBAZE.js"
    },
    "chunk-FIGW3MA3": {
      "file": "chunk-FIGW3MA3.js"
    },
    "chunk-XBSN5R5F": {
      "file": "chunk-XBSN5R5F.js"
    },
    "chunk-NU7MYMPB": {
      "file": "chunk-NU7MYMPB.js"
    },
    "chunk-KE4LO4NH": {
      "file": "chunk-KE4LO4NH.js"
    },
    "chunk-VQK45IQV": {
      "file": "chunk-VQK45IQV.js"
    },
    "chunk-3XK3KDMF": {
      "file": "chunk-3XK3KDMF.js"
    },
    "chunk-MSJRLRES": {
      "file": "chunk-MSJRLRES.js"
    },
    "chunk-IBYU652R": {
      "file": "chunk-IBYU652R.js"
    },
    "chunk-7MUZTMXN": {
      "file": "chunk-7MUZTMXN.js"
    },
    "chunk-AYJCLL3J": {
      "file": "chunk-AYJCLL3J.js"
    },
    "chunk-2O4WY5GE": {
      "file": "chunk-2O4WY5GE.js"
    },
    "chunk-32NDN263": {
      "file": "chunk-32NDN263.js"
    },
    "chunk-LDAZ76SO": {
      "file": "chunk-LDAZ76SO.js"
    },
    "chunk-MVNJMFVL": {
      "file": "chunk-MVNJMFVL.js"
    },
    "chunk-GIYX2BAP": {
      "file": "chunk-GIYX2BAP.js"
    },
    "chunk-U7YDHSFO": {
      "file": "chunk-U7YDHSFO.js"
    },
    "chunk-UGCR7KEQ": {
      "file": "chunk-UGCR7KEQ.js"
    },
    "chunk-S35MAB2V": {
      "file": "chunk-S35MAB2V.js"
    }
  }
}